LABEL-1,LABEL-3,LABEL-4,LABEL-5,LABEL-7
https://www.bankeebricks.ph/21005-home_default_2x/lego-friends-42637-advent-calendar-2024-age-6-building-blocks-2024-272pcs-multicolor.jpg,"LEGO® Friends 42637 Advent Calendar 2024, Age 6+, Building Blocks, 2024 (272pcs)","PHP 2,299.00",15In Stock,"Give kids aged 6+ a festive treat as they open the doors of the LEGO® Friends Advent Calendar 2024 (42637) Christmas countdown toy. The set comes with 5 characters, including little Olly, little Paisley, Paisley's mom, dad and younger sister, plus 2 baby pet characters. There's also a snow cat figure and lots of accessories.The calendar takes a trip back..."
https://www.bankeebricks.ph/21006-home_default_2x/lego-disney-princess-43253-advent-calendar-2024-age-5-building-blocks-2024-253pcs-multicolor.jpg,"LEGO® Disney Princess 43253 Advent Calendar 2024, Age 5+, Building Blocks, 2024 (253pcs)","PHP 2,999.00",9In Stock,"Start the holiday countdown for kids aged 5+ with the fun Christmas Advent Calendar 2024 (43253) full of Disney gifts. This building set for kids includes Elsa, Tiana, Ariel, Moana and Mirabel LEGO® ? Disney micro-doll figures, plus LEGO ? Disney Pua, Snowgie and adorable baby reindeer Sven characters. Behind every door is a character or mini build to..."
https://www.bankeebricks.ph/21012-home_default_2x/lego-city-60436-advent-calendar-2024-age-5-building-blocks-2024-195pcs-multicolor.jpg,"LEGO® City 60436 Advent Calendar 2024, Age 5+, Building Blocks, 2024 (195pcs)","PHP 2,299.00",1In Stock,"Build up the excitement of the countdown to Christmas with the LEGO® City Advent Calendar 2024 (60436) for kids aged 5 and up. This year's Christmas calendar is packed with fun characters, seasonal mini builds and cool minifigure accessories. Kids can also fold out the playmat on the box to create a snowy winter village scene, the perfect setting for..."
https://www.bankeebricks.ph/21032-home_default_2x/lego-harry-potter-76438-advent-calendar-2024-age-7-building-blocks-2024-301pcs-multicolor.jpg,"LEGO® Harry Potter 76438 Advent Calendar 2024, Age 7+, Building Blocks, 2024 (301pcs)","PHP 2,999.00",6In Stock,"Every day leading up to Christmas brings another magical, buildable Hogwarts™ adventure with the LEGO® Harry Potter™ 2024 Advent Calendar (76438) fantasy toy playset for kids.Children will discover LEGO Harry Potter mini build toys related to the 4 Hogwarts houses, including a gargoyle and table that is covered in festive items for each of Gryffindor™,..."
https://www.bankeebricks.ph/21025-home_default_2x/lego-super-heroes-76293-spider-man-2024-advent-calendar-age-7-building-blocks-2024-246pcs-multicolor.jpg,"LEGO® Super Heroes 76293 Spider-Man 2024 Advent Calendar, Age 7+, Building Blocks, 2024 (246pcs)","PHP 2,999.00",12In Stock,"Give a young Marvel fan the perfect start to the holidays with the LEGO® Spider-Man 2024 Advent Calendar (76293). Filled with Super Hero fun, buildable models and LEGO® Marvel Spider-Man minifigures, this set is the perfect seasonal holiday gift for boys and girls aged 7 and up. The fun will start on December 1 and continue long after the last door has..."
https://www.bankeebricks.ph/20992-home_default_2x/lego-d2c-superheroes-76294-x-men--the-x-mansion-age-18-building-blocks-2024-3093pcs-multicolor.jpg,"LEGO® D2C Superheroes 76294 X-Men: The X-Mansion, Age 18+, Building Blocks, 2024 (3093pcs)","PHP 21,999.00",4In Stock,"The LEGO® Marvel X-Men: The X-Mansion (76294) set for adult enthusiasts is a detailed recreation of the Xavier Institute for Higher Learning. This buildable model makes an ideal gift for adult fans of Super Hero adventures.The 2-level 3,093-piece X-Men X-Mansion measures over 16 in. (40 cm) wide and features a buildable Sentinel figure and 10 X-Men..."
https://www.bankeebricks.ph/20985-home_default_2x/lego-d2c-ideas-21353-the-botanical-garden-age-18-building-blocks-2024-3792pcs-multicolor.jpg,"LEGO® D2C Ideas 21353 The Botanical Garden, Age 18+, Building Blocks, 2024 (3792pcs)","PHP 21,999.00",4In Stock,"Build your connection to the natural world and create calming living room decor with this LEGO® Ideas botanical garden set (21353). A delightful nature gift for men, women and any gardeners or flower-lovers, the buildable Victorian-style glasshouse has 3 atriums with removable roofs and walls for easy access to the detailed interior. The main atrium..."
https://www.bankeebricks.ph/20971-home_default_2x/lego-lel-seasons-and-occasions-40746-santas-delivery-truck-age-8-building-blocks-2024-224pcs-multicolor.jpg,"LEGO® LEL Seasons and Occasions 40746 Santa's Delivery Truck, Age 8+, Building Blocks, 2024 (224pcs)","PHP 1,499.00",22In Stock,"Fuel festive fun with this LEGO® Santa's Delivery Truck (40746) holiday building set for boys and girls aged 8 and up, which sparks magical pretend play.Packed with enchanting elements, this LEGO Christmas playset lets kids become Santa's helpers as they assemble the truck toy while discovering the magic inside. The vehicle opens to reveal Christmas..."
https://www.bankeebricks.ph/20913-home_default_2x/lego-d2c-star-wars-tm-75397-ucs-jabba-s-sail-barge-age-18-building-blocks-2024-3942pcs-multicolor.jpg,"LEGO® D2C Star Wars TM 75397 UCS jabbas Sail Barge, Age 18+, Building Blocks, 2024 (3942pcs)","PHP 33,999.00",4In Stock,"Relive Star Wars: Return of the Jedi scenes aboard Jabba's Sail Barge with this LEGO® Star Wars™ Ultimate Collector Series display set for adults (75397). A top gift for any Star Wars fan or UCS collector, this playful buildable model measures over 30.5 in. (77 cm) long. It has adjustable textile sails and a top deck that lifts off and sides that fold..."
https://www.bankeebricks.ph/20934-home_default_2x/lego-d2c-wednesday-76780-wednesday-adams-figure-age-10-building-blocks-2024-702pcs-multicolor.jpg,"LEGO® D2C Wednesday 76780 Wednesday Adams Figure, Age 10+, Building Blocks, 2024 (702pcs)","PHP 3,799.00",12In Stock,"Mysteries and mayhem await kids aged 10 and up in the Wednesday Addams Figure (76780) set. This LEGO® Wednesday gift set features a collectible, posable model with movable head, arms and feet, plus 2 faces and 2 outfits so the figure can be rebuilt. The set includes her loyal sidekick Thing, a stand with toy black dahlias and 2 hidden spaces to hold..."
https://www.bankeebricks.ph/20920-home_default_2x/lego-d2c-wednesday-76781-wednesday--enids-dorm-room-age-10-building-blocks-2024-750pcs-multicolor.jpg,"LEGO® D2C Wednesday 76781 Wednesday & Enid'S Dorm Room, Age 10+, Building Blocks, 2024 (750pcs)","PHP 6,999.00",8In Stock,"Welcome back to Nevermore Academy with this Wednesday & Enid's Dorm Room (76781) mystery and adventure playset for kids and fans aged 10 and up. The detailed LEGO® Wednesday Addams gift set features 4 collectible Wednesday and Enid mini-doll figures, the character Thing and a dorm room model. The room includes a cello, typewriter, mystery board,..."
https://www.bankeebricks.ph/20927-home_default_2x/lego-lego-ideas-21352-magic-of-disney-age-18-building-blocks-2024-1103pcs-multicolor.jpg,"LEGO® LEGO Ideas 21352 Magic of Disney, Age 18+, Building Blocks, 2024 (1103pcs)","PHP 7,299.00",8In Stock,"Capture some of the most enchanting scenes in the history of Disney animated movies with the LEGO® Ideas Magic of Disney build-and-display model kit for adults (21352). This LEGO building set makes a nostalgic gift for adult Disney movie-lovers, sparking happy childhood memories.With Mickey Mouse in his sorcerer's apprentice outfit at the center, this..."
https://www.bankeebricks.ph/20852-home_default/lego-wicked-75683-glinda--elphabas-dormitory-age-9-building-blocks-2024-740pcs-multicolor.jpg,"LEGO® Wicked 75683 Glinda & Elphaba's Dormitory, Age 9+, Building Blocks, 2024 (740pcs)","PHP 5,499.00",4In Stock,Transport girls and boys aged 8 plus to a beloved scene from the Wicked movie with this Glinda & Elphaba's Dormitory (75683) best-friend gift for kids. This collectible toy recreates the iconic scene from the movie where the girls' friendship blossoms.This model toy consists of a beautiful buildable trunk that opens out into a detailed dollhouse...
https://www.bankeebricks.ph/20859-home_default/lego-wicked-75684-welcome-to-emerald-city-age-8-building-blocks-2024-945pcs-multicolor.jpg,"LEGO® Wicked 75684 Welcome to Emerald City, Age 8+, Building Blocks, 2024 (945pcs)","PHP 7,999.00",5In Stock,"Take kids aged 9 and up on a magical LEGO® adventure to the land of Oz with the Welcome to Emerald City (75684) collectible toy. Young builders recreate scenes from the Wicked movie as they build this detailed 3-story tower toy and explore the model's many features.With 5 mini-dolls included, this fantasy toy lets kids play out Wicked friendship moments..."
https://www.bankeebricks.ph/20866-home_default/lego-super-heroes-76328-batman---the-classic-tv-series-batmobile-age-18-building-blocks-2024-1822pcs-multicolor.jpg,"LEGO® Super Heroes 76328 Batman™: The Classic TV Series Batmobile, Age 18+, Building Blocks, 2024 (1822pcs)","PHP 11,999.00",7In Stock,LEGO® DC Batman™: The Classic TV Series Batmobile™ (76328) is a collectible building kit for adult fans seeking a rewarding project to build and display. This creative gift for adults will appeal to Batman enthusiasts as well as anyone with an interest in 1960s pop culture.This eye-catching piece of DC Super Heroes™ memorabilia is inspired by the iconic...
https://www.bankeebricks.ph/20844-home_default/lego-d2c-fortnite-77071-supply-llama-age-12-building-blocks-2024-691pcs-multicolor.jpg,"LEGO® D2C Fortnite 77071 Supply Llama, Age 12+, Building Blocks, 2024 (691pcs)","PHP 3,199.00",9In Stock,"Bring gaming adventures to life with this LEGO® Fortnite® Supply Llama (77071) building set for gamers. Inspired by the LEGO Fortnite video game, it lets fans aged 12 and up create an awesome video game toy.Young gamers will have hours of fun assembling the Fortnite llama piñata, which is known as the Supply Llama in the LEGO Fortnite video game. Packed..."
https://www.bankeebricks.ph/20888-home_default/lego-d2c-fortnite-77072-peely-bone-age-18-building-blocks-2024-1414pcs-multicolor.jpg,"LEGO® D2C Fortnite 77072 Peely Bone, Age 18+, Building Blocks, 2024 (1414pcs)","PHP 7,499.00",9In Stock,"Bring an iconic video game figure to life with this awesome LEGO® Fortnite® Peely Bone (77072) building kit for adults, which is packed with fun details to thrill fans. Inspired by the Fortnite video game, it lets gamers build an impressive display model of the beloved banana outfit.Fortnite fans will immerse themselves in an off-screen adventure as they..."
https://www.bankeebricks.ph/20897-home_default/lego-d2c-fortnite-77073-battle-bus-age-10-building-blocks-2024-954pcs-multicolor.jpg,"LEGO® D2C Fortnite 77073 Battle Bus, Age 10+, Building Blocks, 2024 (954pcs)","PHP 7,499.00",3In Stock,"Ignite imaginations with the LEGO® Fortnite® Battle Bus (77073) video game toy for fans aged 10 and up. Based on the exciting video game, the building set lets gamers create a cool Fortnite vehicle.Fans journey into the exciting LEGO Fortnite world as they build the bus, which has rolling wheels and a removable roof, and the instantly recognizable hot-air..."
https://www.bankeebricks.ph/20905-home_default/lego-botanicals-10340-wreath-age-18-building-blocks-2024-1194pcs-multicolor.jpg,"LEGO® Botanicals 10340 Wreath, Age 18+, Building Blocks, 2024 (1194pcs)","PHP 7,499.00",9In Stock,"Take time out or treat a loved one with the LEGO® Icons Wreath (10340) home decor building set for adults. Capture the essence of fall and winter in a captivating seasonal centerpiece. Suitable for wall and table decoration, this impressive example of LEGO flora makes a great gift idea for the holiday season or any other special occasion.The wreath comes..."
https://www.bankeebricks.ph/20963-home_default/lego-botanicals-10370-poinsettia-age-18-building-blocks-2024-608pcs-multicolor.jpg,"LEGO® Botanicals 10370 Poinsettia, Age 18+, Building Blocks, 2024 (608pcs)","PHP 3,799.00",14In Stock,"Create an elegant, zero-maintenance floral display with this LEGO® Icons Poinsettia (10370) plant decor building set for adults. Indulge in a mindful building project or treat a loved one to this timeless floral display – a perfect gift idea for any occasion.This posable LEGO plant replica depicts a ‘Grande Italia' poinsettia nestled in a woven-basket..."
https://www.bankeebricks.ph/20956-home_default/lego-lel-seasons-and-occasions-40721-halloween-barn-age-8-building-blocks-2024-205pcs-multicolor.jpg,"LEGO® LEL Seasons and Occasions 40721 Halloween Barn, Age 8+, Building Blocks, 2024 (205pcs)","PHP 1,099.00",24In Stock,"Unlock kids' Halloween spirit with this awesome LEGO® Halloween Barn (40721), a building toy that will leave boys and girls aged 8 and up spellbound. Halloween-loving kids will have fun building the barn before discovering its spellbinding ramshackle exterior and exploring all the thrilling details inside. They'll delight in finding teeth hidden behind..."
https://www.bankeebricks.ph/20949-home_default/lego-lel-seasons-and-occasions-40743-christmas-table-decoration-age-12-building-blocks-2024-433pcs-multicolor.jpg,"LEGO® LEL Seasons and Occasions 40743 Christmas Table Decoration, Age 12+, Building Blocks, 2024 (433pcs)","PHP 2,999.00",21In Stock,"Create an eye-catching Christmas centerpiece with this LEGO® Christmas Table Decoration (40743) holiday building kit for girls and boys aged 12 and up. A fun holiday project that features a red candle surrounded by red berries, golden stars and green foliage, this Christmas LEGO set encourages kids' creativity to flourish as they build the holiday decor..."
https://www.bankeebricks.ph/20941-home_default/lego-super-mario-71438-super-mario-world---mario--yoshi-age-18-building-blocks-2024-1215pcs-multicolor.jpg,"LEGO® Super Mario 71438 Super Mario World™: Mario & Yoshi, Age 18+, Building Blocks, 2024 (1215pcs)","PHP 10,999.00",24In Stock,"Build nostalgia for the delightful visuals from an earlier generation of Super Mario™ games with this playful Super Mario World™: Mario & Yoshi display model. A fun LEGO® Super Mario™ gift for adults, this Nintendo® collectible set features pixelated Mario and Yoshi figures and makes fun room decor in any fan's home or office. Turn the handle to make..."
https://www.bankeebricks.ph/20830-home_default/lego-wicked-75681-glinda-elphaba--nessarose-at-shiz-university-age-7-building-blocks-2024-304pcs-multicolor.jpg,"LEGO® Wicked 75681 Glinda, Elphaba & Nessarose at Shiz University, Age 7+, Building Blocks, 2024 (304pcs)","PHP 2,299.00",24In Stock,"Transport girls and boys aged 7 plus to the land of Oz with the Glinda, Elphaba & Nessarose at Shiz University (75681) fantasy toy. It's the ideal gift for kids who love dollhouse playsets and fans of the Wicked movie.Fans embark on their LEGO® Wicked adventure as Glinda arrives at Shiz University on a sailboat toy for kids. The boat toy has a hinged..."
https://www.bankeebricks.ph/20837-home_default/lego-wicked-75682-elphaba--glinda-figures-age-9-building-blocks-2024-558pcs-multicolor.jpg,"LEGO® Wicked 75682 Elphaba & Glinda Figures, Age 9+, Building Blocks, 2024 (558pcs)","PHP 4,299.00",12In Stock,Take Wicked fans aged 10 years old and up on a magical ride to a spellbinding movie moment. The LEGO® Wicked Elphaba & Glinda Figures (75682) fantasy toy reimagines the scene where Elphaba finds the courage to defy gravity.This LEGO adventure set provides hours of open-ended play as fans recreate the scene from the Wicked movie or invent stories of...
https://www.bankeebricks.ph/20792-home_default/lego-d2c-minecraft-21281-baby-pigs-birthday-celebration-age-8-building-blocks-2024-351pcs-multicolor.jpg,"LEGO® D2C Minecraft 21281 Baby Pig's Birthday Celebration, Age 8+, Building Blocks, 2024 (351pcs)","PHP 1,499.00",10In Stock,"If you're looking for a Minecraft® gift for a birthday or any other event, this buildable video-game playset is for you! LEGO® Minecraft Baby Pig's Birthday Celebration (21281) is packed with figures and fun from the Minecraft video game – there's even a cake to share!This party-themed gift is filled with LEGO Minecraft models and character mobs. There's..."
https://www.bankeebricks.ph/20882-home_default/lego-d2c-fortnite-77070-durrr-burger-age-9-building-blocks-2024-193pcs-multicolor.jpg,"LEGO® D2C Fortnite 77070 Durrr Burger, Age 9+, Building Blocks, 2024 (193pcs)","PHP 1,099.00",14In Stock,"Feed creativity with the LEGO® Fortnite® Durrr Burger (77070), an awesome video game building set for gamers aged 9 and up.Based on the LEGO Fortnite video game, the set lets fans create a display model of Durrr Burger, the iconic restaurant mascot from the Fortnite universe. Young gamers will have loads of fun and victory well done building the model..."
https://www.bankeebricks.ph/20738-home_default/lego-d2c-lego-icons-10391-over-the-moon-with-pharrell-williams-age-18-building-blocks-2024-966pcs-multicolor.jpg,"LEGO® D2C LEGO Icons 10391 Over the Moon with Pharrell Williams, Age 18+, Building Blocks, 2024 (966pcs)","PHP 7,999.00",3In Stock,"Embark on a fantastic journey with the LEGO® Icons Over the Moon with Pharrell Williams (10391) building project for adults. As a child, Pharrell's creative optimism and his surroundings at Atlantis Apartments fueled his curiosity and provided thelaunchpad that helped him build the future he wanted for himself, and others like him. The inspiring display..."
https://www.bankeebricks.ph/20724-home_default/lego-minifigures-71046-series-26-space-age-5-building-blocks-2024-9pcs-multicolor.jpg,"LEGO® Minifigures 71046 Series 26 Space, Age 5+, Building Blocks, 2024 (9pcs)",PHP 329.00,181In Stock,"Exciting adventures in space await kids aged 5 and up with 1 of 12 collectible figures from the LEGO® Minifigures Series 26 Space (71046) mystery boxes. These detailed space toys can be added to an existing collection, proudly displayed or used toplay out intergalactic action. There is 1 surprise LEGO space minifigure in each box and a total of 12..."
https://www.bankeebricks.ph/20704-home_default/product1.jpg,"LEGO® D2C Harry Potter 76437 The Burrow – Collectors' Edition, Age 18+, Building Blocks, 2025 (2405pcs)","PHP 17,499.00",6In Stock,"Add another magnificent display model to your Wizarding World with this LEGO® Harry Potter™ The Burrow – Collectors' Edition set (76437). A cool Harry Potter gift for adults, and fun for all the family, this is the ultimate LEGO brick-built recreation of the Weasleys' house. Use clever techniques to capture the house's rickety look, with its tilted floors..."
https://www.bankeebricks.ph/20677-home_default/lego-d2c-lego-ideas-21351-disney-tim-burtons-the-nightmare-before-christmas-age-18-building-blocks-2025-2193pcs-multicolor.jpg,"LEGO® D2C LEGO Ideas 21351 Disney Tim Burton's The Nightmare Before Christmas, Age 18+, Building Blocks, 2025 (2193pcs)","PHP 13,499.00",2In Stock,"Build nostalgia for a classic Tim Burton movie with the LEGO® Ideas Disney Tim Burton's The Nightmare Before Christmas diorama kit for adults (21351). A fun holiday gift idea for men, women and any fantasy-film-lovers or movie memorabilia collectors, the set features connectible models of 3 iconic Tim Burton's The Nightmare Before Christmas locations –..."
https://www.bankeebricks.ph/20684-home_default/lego-d2c-the-legend-of-zelda-77092-great-deku-tree-2-in-1-age-18-building-blocks-2027-2500pcs-multicolor.jpg,"LEGO® D2C The Legend of Zelda 77092 Great Deku Tree 2-in-1, Age 18+, Building Blocks, 2027 (2500pcs)","PHP 19,999.00",5In Stock,"Immerse yourself in creative joy as you build one of two detailed models of The Legend of Zelda™ Great Deku Tree 2-in-1 (77092) in this LEGO® Nintendo® gift set. The building set for adults makes a special display piece for yourself or any other fan with a passion for The Legend of Zelda series and merch. It includes curated items from the games, such as..."
https://www.bankeebricks.ph/20691-home_default/lego-lel-seasons-and-occasions-40744-christmas-ornament-selection-age-6-building-blocks-2034-153pcs-multicolor.jpg,"LEGO® LEL Seasons and Occasions 40744 Christmas Ornament Selection, Age 6+, Building Blocks, 2034 (153pcs)","PHP 1,099.00",25In Stock,"Unleash a flurry of creativity this holiday season with the LEGO® Christmas Ornament Selection (40744) building set for girls and boys aged 6 and up, which lets kids create 4 hanging decorations to treasure forever. Kids will love building the ornaments before decorating them with iconic Christmas motifs: a Christmas gift, Santa Claus, a reindeer and a..."
https://www.bankeebricks.ph/20661-home_default/product1.jpg,"LEGO® Technic 42177 Mercedes G500 4×4, Age 18+, Building Blocks, 2024 (2891pcs)","PHP 17,499.00",11In Stock,Commemorate the 45th anniversary of one of the world's best-loved off-roaders with this immersive LEGO® Technic™ Mercedes-Benz G 500 PROFESSIONAL Line model car building set for adults. This model car version of the iconic G-Class is packed with authentic features and cool functions to quicken the pulse of any Mercedes-Benz fan. Take your time assembling...
https://www.bankeebricks.ph/20669-home_default/lego-star-wars-75388-jedi-bob-s-starfighter-age-8-building-blocks-2024-305pcs-multicolor.jpg,"LEGO® Star Wars 75388 Jedi Bobs Starfighter, Age 8+, Building Blocks, 2024 (305pcs)","PHP 2,999.00",6In Stock,"Introduce kids to the mystery character from a 2002 LEGO® Star Wars™ set who became a fan favorite with Jedi Bob's Starfighter (75388). A cool birthday gift idea for boys, girls and any fan aged 8 and up, this LEGO Star Wars buildable toy set features a starfighter with an opening cockpit, 2 spring-loaded shooters and retractable landing gear. Play out..."
https://www.bankeebricks.ph/20653-home_default/lego-star-wars-75374-onyx-cinder-age-10-building-blocks-2024-1325pcs-multicolor.jpg,"LEGO® Star Wars 75374 Onyx Cinder, Age 10+, Building Blocks, 2024 (1325pcs)","PHP 10,999.00",8In Stock,"Kids become the heroes in their own Star Wars: Skeleton Crew stories with a detailed LEGO® brick recreation of The Onyx Cinder (75374). This collectible LEGO Star Wars™ buildable starship toy features rotating engines for landing/takeoff or flight, 2 stud shooters, 2 rotating turrets, each with 2 stud shooters, and a grabbing claw. It has seats for all 5..."
https://www.bankeebricks.ph/20609-home_default/5702017598239.jpg,"LEGO® LEL Iconic 40719 Traditional Chess Set, Age 9+, Building Blocks, 2024 (743pcs)","PHP 5,999.00",2In Stock,"Bond over board games with the LEGO® Traditional Chess Set (40719) for kids, a fun educational toy for boys and girls aged 9 and up. A fun version of the beloved family board game, this buildable chess set includes chess and checkers pieces, so budding strategists can enjoy two games in one. Intricate details include minifigure statues on the queen pieces..."
https://www.bankeebricks.ph/20614-home_default/5702017597454.jpg,"LEGO® LEL Disney Princess 40720 Mini Disney Sleeping Beauty Castle, Age 12+, Building Blocks, 2024 (538pcs)","PHP 3,499.00",11In Stock,"Delight a Disney fan with the LEGO® Mini Disney Sleeping Beauty Castle (40720), an enchanting castle building toy for kids aged 12 and up. Inspired by the Sleeping Beauty Walkthrough attraction at Disneyland California, this mini Disney castle includes LEGO pieces in traditional shades of pink, blue and gold. The buildable castle playset also includes a..."
https://www.bankeebricks.ph/20626-home_default/5702017652917.jpg,"LEGO® LEL Brickheadz 40751 Legolas & Gimli™, Age 10+, Building Blocks, 2024 (297pcs)","PHP 1,599.00",1In Stock,Rekindle memories of epic Fellowship of the Ring adventures with LEGO® BrickHeadz™ Legolas & Gimli™ (40751) figures. Both models in this The Lord of the Rings™ hero toy building set for kids aged 10 and up have instantly recognizable decorations to delight fans. The Legolas figure holds a bow-and-arrow element and the Gimli figure has an axe. A fun...
https://www.bankeebricks.ph/20639-home_default/5702017652931.jpg,"LEGO® LEL Brickheadz 40753 Mirabel Madrigal, Age 10+, Building Blocks, 2024 (179pcs)",PHP 799.00,4In Stock,"Enchant kids and movie fans with this LEGO® BrickHeadz™ Mirabel Madrigal (40753) set for girls and boys aged 10 and up. Based on the hero from Disney's Encanto, the buildable collectible Mirabel figure comes dressed in a floral white top and blue skirt, as well as the iconic round glasses. Kids will love building this Encanto construction toy before using..."
https://www.bankeebricks.ph/20587-home_default/lego-animal-crossing-77051-fly-with-dodo-airlines-age-7-building-blocks-2024-292pcs-multicolor.jpg,"LEGO® Animal Crossing 77051 Fly with Dodo Airlines, Age 7+, Building Blocks, 2024 (292pcs)","PHP 2,999.00",6In Stock,"Let kids' imaginations take flight with the LEGO® Animal Crossing™ Fly with Dodo Airlines Airport Playset (77051). Girls and boys aged 7 plus head off aboard the LEGO seaplane to explore a new island, just as they would in the Animal Crossing video game. This feature-packed building toy set lets kids play out stories of their own within this familiar..."
https://www.bankeebricks.ph/20595-home_default/lego-animal-crossing-77052-k-k-s-concert-at-the-plaza-age-7-building-blocks-2024-550pcs-multicolor.jpg,"LEGO® Animal Crossing 77052 K.K.'s Concert at the Plaza, Age 7+, Building Blocks, 2024 (550pcs)","PHP 6,799.00",9In Stock,"Girls and boys aged 7 plus create their own stories inspired by the Animal Crossing™ video game series with the K.K.'s Concert in the Plaza (77052) building toy. First, they build scenes from their screens, then with the LEGO® Animal Crossing 3 minifigures and many recognizable toy accessories from the video games series, they take the pretend play..."
https://www.bankeebricks.ph/20545-home_default/lego-super-heroes-76297-dancing-groot-age-10-building-blocks-2024-459pcs-multicolor.jpg,"LEGO® Super Heroes 76297 Dancing Groot, Age 10+, Building Blocks, 2024 (459pcs)","PHP 3,999.00",1In Stock,"LEGO® Marvel Dancing Groot (76297) is a buildable Guardians of the Galaxy toy with an interactive dancing function. It makes a great gift for kids aged 10 and up who are fans of the Marvel character Groot, Super Heroes and buildable LEGO toys. This Groot building toy for kids has a movable head and posable arms. When kids turn the handle at the back of..."
https://www.bankeebricks.ph/20524-home_default/lego-super-heroes-76289-thor-vs-surtur-construction-figure-age-8-building-blocks-2024-245pcs-multicolor.jpg,"LEGO® Super Heroes 76289 Thor vs. Surtur Construction Figure, Age 8+, Building Blocks, 2024 (245pcs)","PHP 2,499.00",13In Stock,"This LEGO® Marvel Thor vs. Surtur Construction Figure (76289) buildable Super Hero toy is based on a scene from Marvel Studios' hit movie Thor: Ragnarok. With iconic characters, exciting features and endless opportunities for imaginative Super Hero adventures, this LEGO Marvel playset makes a great gift for kids aged 8 and up. The set includes 3..."
https://www.bankeebricks.ph/20553-home_default/lego-speed-champions-76934-ferrari-f40-supercar-age-9-building-blocks-2024-318pcs-multicolor.jpg,"LEGO® Speed Champions 76934 Ferrari F40 Supercar, Age 9+, Building Blocks, 2024 (318pcs)","PHP 1,999.00",52In Stock,"Boys and girls aged 9+ can collect, build, play with and display this incredible LEGO® Speed Champions Ferrari F40 (76934) car toy. Designed to celebrate the 40th anniversary of the iconic Italian car brand, the F40 was the last model personally approved by Ferrari founder Enzo Ferrari, and this fantastic buildable vehicle for kids features lots of famous..."
https://www.bankeebricks.ph/20532-home_default/lego-super-heroes-76290-the-avengers-vs-the-leviathan-age-7-building-blocks-2024-347pcs-multicolor.jpg,"LEGO® Super Heroes 76290 The Avengers vs. The Leviathan, Age 7+, Building Blocks, 2024 (347pcs)","PHP 3,799.00",6In Stock,"The LEGO® Marvel The Avengers vs. The Leviathan (76290) collectible Super Hero playset recreates the final battle scene from Marvel Studios' Marvel: The Avengers. This buildable LEGO Marvel model for kids aged 7 and up features an iconic cast of characters, plus a host of authentic features and functions. The set includes 4 minifigures – Captain America..."
https://www.bankeebricks.ph/20561-home_default/lego-speed-champions-76935-nascar-next-gen-chevrolet-camaro-zl1-age-9-building-blocks-2024-328pcs-multicolor.jpg,"LEGO® Speed Champions 76935 NASCAR® Next Gen Chevrolet Camaro ZL1, Age 9+, Building Blocks, 2024 (328pcs)","PHP 1,999.00",9In Stock,"Boys and girls aged 9+ and NASCAR® fans can collect, build, play with and display this LEGO® Speed Champions NASCAR Next Gen Chevrolet Camaro ZL1 (76935) toy car for kids. This powerful race car decorated in vibrant colors and flames includes design details from real-life cars that race in the NASCAR Cup Series. The NASCAR toy model car includes realistic..."
https://www.bankeebricks.ph/20540-home_default/lego-super-heroes-76291-the-avengers-assemble--age-of-ultron-age-10-building-blocks-2024-613pcs-multicolor.jpg,"LEGO® Super Heroes 76291 The Avengers Assemble: Age of Ultron, Age 10+, Building Blocks, 2024 (613pcs)","PHP 8,499.00",5In Stock,"The Avengers Assemble: Age of Ultron (76291) buildable toy is a collectible Super Hero-adventure LEGO® set filled with authentic Avengers action. With iconic Marvel characters and a mega, modular design, it's an ideal gift for fans of Super Hero playsets, LEGO Marvel minifigures and model-making aged 10 and up. The playset is based on the big battle scene..."
https://www.bankeebricks.ph/20567-home_default/lego-sonic-76997-tails-adventure-boat-age-8-building-blocks-2024-393pcs-multicolor.jpg,"LEGO® Sonic 76997 Tails' Adventure Boat, Age 8+, Building Blocks, 2024 (393pcs)","PHP 4,299.00",8In Stock,"Appeal to young adventure-lovers and video game character fans ages 8+ with a fun gamer gift in this Tails' Adventure Boat (76997) toy building set for kids, packed with functions and interactive play options. This LEGO® Sonic the Hedgehog™ collectible playset features a boat with a built-in speed sphere launcher on the front, karaoke machine and dance..."
https://www.bankeebricks.ph/20574-home_default/lego-sonic-76998-knuckles-and-the-master-emerald-shrine-age-8-building-blocks-2024-325pcs-multicolor.jpg,"LEGO® Sonic 76998 Knuckles and the Master Emerald Shrine, Age 8+, Building Blocks, 2024 (325pcs)","PHP 2,799.00",10In Stock,"Thrill video game fans aged 8+ with adventure and heroes in this Knuckles and the Master Emerald Shrine (76998) buildable set. The LEGO® Sonic the Hedgehog™ collectible toy includes a shrine with 4 Chaos Emeralds, Knuckles' quarters beneath the shrine with workout area, a rotating floor and a grapevine, Amy's hammer and a catapult to launch grapes at the..."
https://www.bankeebricks.ph/20581-home_default/lego-sonic-76999-super-sonic-vs-egg-drillster-age-8-building-blocks-2024-590pcs-multicolor.jpg,"LEGO® Sonic 76999 Super Sonic vs. Egg Drillster, Age 8+, Building Blocks, 2024 (590pcs)","PHP 6,499.00",6In Stock,"Supercharge the imaginations of video game fans aged 8+ with a Super Sonic vs. Egg Drillster (76999) building and adventure hero playset. This collectible LEGO® Sonic the Hedgehog™ video game toy gift features an Egg Drillster vehicle with a rotating drill bit and a dock for the detachable hover vehicle, a speed sphere launcher and speed sphere, plus a..."
https://www.bankeebricks.ph/20461-home_default/lego-star-wars-75385-battle-of-peridea-age-8-building-blocks-2024-382pcs-multicolor.jpg,"LEGO® Star Wars 75385 Battle of Peridea, Age 8+, Building Blocks, 2024 (382pcs)","PHP 4,299.00",4In Stock,"Reenact the epic Star Wars: Ahsoka Season 1 finale battle and create new adventures with Ahsoka Tano's Duel on Peridea buildable toy playset for kids (75385). A fun birthday gift idea for boys, girls and any fan aged 8 and up, this collectible construction toy includes 5 LEGO® Star Wars™ minifigures – Ahsoka Tano, Grand Admiral Thrawn, Morgan Elsbeth,..."
https://www.bankeebricks.ph/20454-home_default/lego-super-mario-71441-adventures-with-interactive-lego-peach-age-6-building-blocks-2024-208pcs-multicolor.jpg,"LEGO® Super Mario 71441 Adventures with Interactive LEGO® Peach™, Age 6+, Building Blocks, 2024 (208pcs)","PHP 3,999.00",8In Stock,"Join an iconic Super Mario™ character for a picnic and fly on a cloud to rescue the Yellow Toad with the Adventures with Interactive LEGO® Peach™ princess toy playset for kids (71441). A top Nintendo® gift for girls, boys and gamers aged 6 and up,the set features an interactive LEGO Peach figure, plus Lakitu, a Yellow Toad and a Lava Bubble. Travel from..."
https://www.bankeebricks.ph/20484-home_default/lego-star-wars-75396-escape-from-the-sarlacc-age-9-building-blocks-2024-558pcs-multicolor.jpg,"LEGO® Star Wars 75396 Escape from the Sarlacc, Age 9+, Building Blocks, 2024 (558pcs)","PHP 6,499.00",6In Stock,Replay a thrilling Star Wars: Return of the Jedi scene and create new adventure stories with this LEGO® brick-built Desert Skiff & Sarlacc Pit toy vehicle playset (75396) for kids aged 9 and up. The desert skiff features translucent elements for ahover effect and has playful details such as a push-out plank for Luke Skywalker to walk and the foldout...
https://www.bankeebricks.ph/20476-home_default/lego-star-wars-75393-tie-fighter-x-wing-mash-up-age-9-building-blocks-2024-1063pcs-multicolor.jpg,"LEGO® Star Wars 75393 TIE Fighter & X-Wing Mash-up, Age 9+, Building Blocks, 2024 (1063pcs)","PHP 8,499.00",10In Stock,"Recreate mash-up starfighters from the LEGO® Star Wars™: Rebuild the Galaxy Disney+ special with this TIE Fighter & X-Wing Mash-up (75393) buildable toy playset for kids. A cool LEGO gift for boys, girls and any Star Wars fans, the set features a 'TIE-wing' and 'X-fighter', each with an opening cockpit for a LEGO minifigure and 2 spring-loaded..."
https://www.bankeebricks.ph/20493-home_default/lego-star-wars-75398-buildable-c-3po-age-18-building-blocks-2024-1138pcs-multicolor.jpg,"LEGO® Star Wars 75398 Buildable C-3PO, Age 18+, Building Blocks, 2024 (1138pcs)","PHP 11,999.00",5In Stock,"Build and display this intricately detailed LEGO® Star Wars™ C-3PO buildable droid figure. A nostalgic gift idea for adults and any fans of the classic Star Wars saga, this collectible set offers an immersive and rewarding creative challenge. Recreate every detail of the beloved Star Wars character and turn his head or move his arms to create familiar..."
https://www.bankeebricks.ph/20500-home_default/lego-super-heroes-76286-guardians-of-the-galaxy--the-milano-age-12-building-blocks-2024-2090pcs-multicolor.jpg,"LEGO® Super Heroes 76286 Guardians of the Galaxy: The Milano, Age 12+, Building Blocks, 2024 (2090pcs)","PHP 12,999.00",4In Stock,"LEGO® Marvel Guardians of the Galaxy: The Milano (76286) is a buildable toy for Avengers fans aged 12+. This impressive starship construction toy incorporates authentic details from the iconic movie and gives young Super Heroes a play-and-display experience that is out of this world. Based on the starship from the first Guardians of the Galaxy movie, this..."
https://www.bankeebricks.ph/20508-home_default/lego-super-heroes-76287-iron-man-with-bike-and-the-hulk-age-4-building-blocks-2024-68pcs-multicolor.jpg,"LEGO® Super Heroes 76287 Iron Man with Bike and The Hulk, Age 4+, Building Blocks, 2024 (68pcs)","PHP 1,199.00",4In Stock,"Treat any young Super Hero or LEGO® fan to this buildable Avengers adventure set. LEGO Marvel Iron Man with Bike and The Hulk (76287) is a build-and-play toy designed to boost the confidence, concentration and problem-solving skills of kids aged 4and up. The LEGO Marvel playset includes Iron Man and Incredible Hulk minifigures, plus Iron Man's buildable,..."
https://www.bankeebricks.ph/20517-home_default/lego-super-heroes-76288-iron-man--iron-legion-vs-hydra-soldier-age-6-building-blocks-2024-135pcs-multicolor.jpg,"LEGO® Super Heroes 76288 Iron Man & Iron Legion vs. Hydra Soldier, Age 6+, Building Blocks, 2024 (135pcs)","PHP 1,799.00",11In Stock,"The LEGO® Marvel Iron Man & Iron Legion vs. Hydra Soldier (76288) buildable Super Hero adventure toy recreates a scene from Marvel Studios' Avengers: Age of Ultron, where Iron Man and 2 Iron Legionnaires fly to a Hydra Trooper's fortified base. This buildable Super Hero playset is packed with cool features and accessories, making it a great buildable..."
https://www.bankeebricks.ph/20382-home_default/lego-technic-42182-nasa-apollo-lunar-roving-vehicle-lrv-age-18-building-blocks-2024-1913pcs-multicolor.jpg,"LEGO® Technic 42182 NASA Apollo Lunar Roving Vehicle - LRV, Age 18+, Building Blocks, 2024 (1913pcs)","PHP 15,999.00",6In Stock,"Embark on a journey to the Moon with this detailed LEGO® Technic™ NASA model set (42182) for adults. The set includes a displayable model version of the lunar rover module carried by Apollo 17, plus 3 attachable equipment sets. Unfold the NASA rover, add the equipment and test out the steering and suspension while imagining what it would be like to..."
https://www.bankeebricks.ph/20396-home_default/lego-super-mario-71433-goombas-playground-age-7-building-blocks-2024-173pcs-multicolor.jpg,"LEGO® Super Mario 71433 Goombas' Playground, Age 7+, Building Blocks, 2024 (173pcs)","PHP 1,199.00",15In Stock,"Role play and more at the LEGO® Super Mario™ Goombas' Playground with this fun adventure toy playset for kids (71433). A cool anytime gift for boys, girls and any Super Mario™ fans aged 7 and up, this Nintendo® collectible features 3 Goomba toy figures, plus a buildable tree trunk and seesaw for creative play. Press the lever at the back of the buildable..."
https://www.bankeebricks.ph/20413-home_default/lego-super-mario-71435-battle-with-roy-at-peachs-castle-age-7-building-blocks-2024-738pcs-multicolor.jpg,"LEGO® Super Mario 71435 Battle with Roy at Peach's Castle, Age 7+, Building Blocks, 2024 (738pcs)","PHP 4,799.00",6In Stock,"Let kids explore, battle, role-play and more at an iconic Super Mario™ location with the LEGO® Super Mario™ Battle with Roy at Peach's Castle set (71435). This Nintendo® character toy playset, which makes a great gift for girls, boys and gamers aged 7 and up, features a LEGO brick-built princess's castle model that opens out ready for playtime adventures...."
https://www.bankeebricks.ph/20422-home_default/lego-super-mario-71436-king-boos-haunted-mansion-age-8-building-blocks-2024-932pcs-multicolor.jpg,"LEGO® Super Mario 71436 King Boo's Haunted Mansion, Age 8+, Building Blocks, 2024 (932pcs)","PHP 5,499.00",6In Stock,"Encounter ghostly characters and search for the key to a treasure chest at King Boo's Haunted Mansion (71436) with this LEGO® Super Mario™ adventure toy playset for kids. A super gift idea for boys, girls and gamers aged 8 and up, the set featuresa buildable toy haunted house that opens out for easy access to playful details such as an elevating sofa and..."
https://www.bankeebricks.ph/20389-home_default/lego-city-60423-downtown-streetcar-and-station-age-7-building-blocks-2024-811pcs-multicolor.jpg,"LEGO® City 60423 Downtown Streetcar and Station, Age 7+, Building Blocks, 2024 (811pcs)","PHP 7,499.00",3In Stock,"Delight a fan of trolley cars and toy trains with the LEGO® City Downtown Streetcar and Station (60423) set for ages 7 and up. This exciting toy streetcar features 2 driver's cabs, a bright interior with seating and double boarding doors. The station includes a coffee shop and a passenger platform with bridging plates. This set also features 6 minifigures..."
https://www.bankeebricks.ph/20431-home_default/lego-super-mario-71437-the-bowser-express-train-age-9-building-blocks-2024-1392pcs-multicolor.jpg,"LEGO® Super Mario 71437 The Bowser Express Train, Age 9+, Building Blocks, 2024 (1392pcs)","PHP 9,999.00",6In Stock,"Let the action-packed rides begin with this LEGO® Super Mario™ The Bowser Express Train toy set (71437). A great Nintendo® gift for boys, girls and any gamers aged 9+, this kids' adventure playset includes a detailed train, a handcar, 2 stations, a Super Star Block, ? Block and 6 LEGO Super Mario toy figures – a Hammer Bro, Boom Boom, 2 Goombas and 2..."
https://www.bankeebricks.ph/20404-home_default/lego-super-mario-71434-soda-jungle-maker-set-age-7-building-blocks-2024-598pcs-multicolor.jpg,"LEGO® Super Mario 71434 Soda Jungle Maker Set, Age 7+, Building Blocks, 2024 (598pcs)","PHP 4,299.00",5In Stock,"Give kids everything they need to create and customize their own buildable adventures with the LEGO® Super Mario™ Soda Jungle Maker Set (71434). This Nintendo® character toy playset, which makes a cool gift for boys, girls and any gamers aged 7 and up, features 3 LEGO Super Mario toy figures – a Pink Shy Guy, Wiggler and Piranha Plant. There's also a..."
https://www.bankeebricks.ph/20438-home_default/lego-super-mario-71439-adventures-with-interactive-lego-mario-age-6-building-blocks-2024-218pcs-multicolor.jpg,"LEGO® Super Mario 71439 Adventures with Interactive LEGO® Mario™, Age 6+, Building Blocks, 2024 (218pcs)","PHP 3,999.00",4In Stock,"Give kids hours of adventures with interactive LEGO® Mario™, including a battle for Bowser Jr.'s Clown Car vehicle, with this LEGO® Super Mario™ toy playset (71439). An exciting Nintendo® gift for boys, girls and gamers aged 6 and up, the set features an interactive LEGO Mario figure, plus Bowser Jr., a Goomba and Yoshi toy figures, plus 3 environment..."
https://www.bankeebricks.ph/20446-home_default/lego-super-mario-71440-adventures-with-interactive-lego-luigi-age-6-building-blocks-2024-210pcs-multicolor.jpg,"LEGO® Super Mario 71440 Adventures with Interactive LEGO® Luigi™, Age 6+, Building Blocks, 2024 (210pcs)","PHP 3,999.00",12In Stock,"Enjoy fun garden-exploring adventures with interactive LEGO® Luigi™ in this LEGO® Super Mario™ toy playset for kids (71440). An awesome Nintendo® gift for boys, girls and gamers aged 6 and up, the set features an interactive LEGO Luigi figure, plus Kamek, a Pink Baby Yoshi and a Boo. Travel from the Start Pipe to the Goal Pole via 3 garden builds,..."
https://www.bankeebricks.ph/20321-home_default/lego-d2c-technic-42172-mclaren-supercar-age-18-building-blocks-2024-3893pcs-multicolor.jpg,"LEGO® D2C Technic 42172 McLaren Supercar, Age 18+, Building Blocks, 2024 (3893pcs)","PHP 30,999.00",3In Stock,"Ignite your love for supercars with this engaging LEGO® Technic™ McLaren P1™ hypercar set for adults. Become immersed in the details as you construct the impressive 1:8 scale model. Then take your time exploring features like the 7-speed gearbox with its shifter drum, the suspension and the V8 piston engine. Admire the adjustable rear wing and the opening..."
https://www.bankeebricks.ph/20329-home_default/lego-icons-10368-chrysanthemum-age-18-building-blocks-2024-278pcs-multicolor.jpg,"LEGO® Icons 10368 Chrysanthemum, Age 18+, Building Blocks, 2024 (278pcs)","PHP 2,299.00",27In Stock,Take time out with the LEGO® Icons Chrysanthemum flower decor building set for adults (10368). The chrysanthemum is a popular motif in traditional art and represents fall as part of the classic quartet of beautiful plants known as the Four Gentlemen. Indulge in a mindful building project or treat a loved one to this timeless floral display – a perfect...
https://www.bankeebricks.ph/20337-home_default/lego-icons-10369-plum-blossom-age-18-building-blocks-2024-327pcs-multicolor.jpg,"LEGO® Icons 10369 Plum Blossom, Age 18+, Building Blocks, 2024 (327pcs)","PHP 2,299.00",36In Stock,"Take time out with the LEGO® Icons Plum Blossom (10369) flower decor building set for adults. The plum blossom is a popular motif in traditional art, often portrayed in ink-and-wash paintings as part of a classic quartet of beautiful plants known as the Four Gentlemen. Indulge in a mindful building project or treat a loved one to this timeless floral..."
https://www.bankeebricks.ph/20344-home_default/lego-minecraft-21265-the-crafting-table-age-18-building-blocks-2024-1195pcs-multicolor.jpg,"LEGO® Minecraft 21265 The Crafting Table, Age 18+, Building Blocks, 2024 (1195pcs)","PHP 6,499.00",2In Stock,"Celebrate Minecraft® creativity with this LEGO® building set for adults designed for the 15th anniversary of the popular video game. Included within LEGO Minecraft The Crafting Table (21265) are familiar biomes, favorite mobs and hidden Easter eggs for adult fans of the game to discover and display. The set recreates the game's iconic crafting table...."
https://www.bankeebricks.ph/20352-home_default/lego-technic-42173-koenigsegg-jesko-absolut-grey-hypercar-age-10-building-blocks-2024-801pcs-multicolor.jpg,"LEGO® Technic 42173 Koenigsegg Jesko Absolut Grey Hypercar, Age 10+, Building Blocks, 2024 (801pcs)","PHP 3,999.00",9In Stock,Inspire boys and girls aged 10+ to build their own luxury hypercar toy with the LEGO® Technic™ Koenigsegg Jesko Absolut Gray Hypercar building set for kids (42173). A rewarding challenge awaits kids who love buildable model car toys as they assemble all the details. And the build is just the start! This toy pays tribute to one of the fastest road-legal...
https://www.bankeebricks.ph/20360-home_default/lego-technic-42174-emirates-team-new-zealand-ac75-yacht-age-18-building-blocks-2024-962pcs-multicolor.jpg,"LEGO® Technic 42174 Emirates Team New Zealand AC75 Yacht, Age 18+, Building Blocks, 2024 (962pcs)","PHP 9,999.00",4In Stock,Indulge your love for sailing yachts with a challenge that takes you to the heart of the historic America's Cup. Imagine becoming part of the team as you construct the intricate features of this detailed LEGO® Technic™ Emirates Team New Zealand AC75 Yacht (42174).Assemble the yacht and attach the 2 skin sails to create the authentic 3D sail shape. Test...
https://www.bankeebricks.ph/20377-home_default/lego-technic-42176-porsche-gt4-e-performance-race-car-age-10-building-blocks-2024-834pcs-multicolor.jpg,"LEGO® Technic 42176 Porsche GT4 e-Performance Race Car, Age 10+, Building Blocks, 2024 (834pcs)","PHP 11,999.00",4In Stock,"Send kids aged 10+ speeding into a thrilling project as they assemble this LEGO® Technic™ Porsche GT4 e-Performance Race Car toy (42176). This remote-controlled racing car toy model comes with lots of interactive features and is the fastest car (as of August 2024) in the LEGO Technic CONTROL+ range. Access the CONTROL+ app to operate the steering, control..."
https://www.bankeebricks.ph/20313-home_default/lego-d2c-family-41839-message-board-age-9-building-blocks-2024-1743pcs-multicolor.jpg,"LEGO® D2C Family 41839 Message Board, Age 9+, Building Blocks, 2024 (1743pcs)","PHP 7,499.00",4In Stock,Imaginative play and family building activities await kids aged 9+ and their families with this Message Board (41839) changeable home decor letter gift set. Families can gather and bond as they build up to 30 letters from the Latin alphabet and create a fun word board art display piece for the home. The toy building set includes accents so you can create...
https://www.bankeebricks.ph/20368-home_default/lego-technic-42175-volvo-fmx-truck--ec230-electric-excavator-age-10-building-blocks-2024-2274pcs-multicolor.jpg,"LEGO® Technic 42175 Volvo FMX Truck & EC230 Electric Excavator, Age 10+, Building Blocks, 2024 (2274pcs)","PHP 13,999.00",4In Stock,"Inspire kids to build their own heavy-duty construction vehicle with this Volvo truck and excavator toy. The LEGO® Technic™ Volvo FMX Truck & EC230 Electric Excavator (42175) comes with a flatbed trailer, toy electric excavator and charging station, giving kids an immersive building project with 2 detailed model vehicles to explore. Young builders can..."
https://www.bankeebricks.ph/20305-home_default/lego-d2c-family-41838-travel-moments-age-14-building-blocks-2024-1231pcs-multicolor.jpg,"LEGO® D2C Family 41838 Travel Moments, Age 14+, Building Blocks, 2024 (1231pcs)","PHP 10,999.00",3In Stock,"A creative building activity awaits the family, including kids aged 14 and up, with this Travel Moments (41838) toy building set. This imaginative LEGO® playset makes a fun gift for travelers and families who love adventure, and includes a buildable world map, a jet, 4 micro-build vehicles, 20 location tiles, 10 photo holders and 5 building instructions..."
https://www.bankeebricks.ph/19968-home_default/lego-d2c-icons-10338-bumblebee-age-18-building-blocks-2024-950pcs-multicolor.jpg,"LEGO® D2C Icons 10338 Bumblebee, Age 18+, Building Blocks, 2024 (950pcs)","PHP 6,499.00",25In Stock,"Rekindle your passion for the Transformers universe with this LEGO® Icons Transformers Bumblebee (10338) building project for adults. Craft a meticulously detailed model of the iconic 1980s robot action figure that converts from Autobot to vehicle mode. The Autobot comes with articulated joints, an ion blaster and a jetpack. A display plaque listing power..."
https://www.bankeebricks.ph/19930-home_default/lego-lel-brickheadz-40675-clone-commander-cody-age-10-building-blocks-2024-147pcs-multicolor.jpg,"LEGO® LEL Brickheadz 40675 Clone Commander Cody, Age 10+, Building Blocks, 2024, (147pcs)",PHP 799.00,2In Stock,"Spark memories of a gripping Star Wars: Revenge of the Sith scene for fans with this LEGO® BrickHeadz™ Clone Commander Cody (40675) figure. A top gift for kids aged 10 and up, this build-and-display model has many authentic details including his Phase 2 armor and a holoprojector, like the one on which he received the Order 66 from Chancellor Palpatine...."
https://www.bankeebricks.ph/19937-home_default/lego-lel-brickheadz-40676-the-phantom-menace-age-10-building-blocks-2024-732pcs-multicolor.jpg,"LEGO® LEL Brickheadz 40676 The Phantom Menace, Age 10+, Building Blocks, 2024, (732pcs)","PHP 4,499.00",7In Stock,"Celebrate the 25th anniversary of Star Wars: The Phantom Menace and LEGO® Star Wars™ building sets with this build-and-display set of 6 collectible LEGO BrickHeadz™ figures (40676). A cool anytime gift for Star Wars fans, it features brick-built LEGO figures of Jar Jar Binks, Anakin Skywalker, Queen Amidala, Captain Panaka, Qui-Gon Jinn and Darth Maul,..."
https://www.bankeebricks.ph/19944-home_default/lego-lel-iconic-40715-alien-pack-age-7-building-blocks-2024-181pcs-multicolor.jpg,"LEGO® LEL Iconic 40715 Alien Pack, Age 7+, Building Blocks, 2024 (181pcs)","PHP 1,099.00",4In Stock,"Launch imaginations with the LEGO® Alien Pack (40715), an out-of-this-world space toy for budding astronauts aged 7 and up. Packed with galaxies of play potential, the set includes 6 alien characters, 1 LEGO minifigure and an awesome space vehicle. Space-lovers can make friends with the extraterrestrials, who are decorated with new face and eye elements,..."
https://www.bankeebricks.ph/19953-home_default/lego-lel-iconic-40716-alien-planet-habitat-age-7-building-blocks-2024-206pcs-multicolor.jpg,"LEGO® LEL Iconic 40716 Alien Planet Habitat, Age 7+, Building Blocks, 2024 ( 206pcs)","PHP 1,099.00",4In Stock,"Unlock galaxies of imaginative play with the LEGO® Alien Planet Habitat (40716) set, a thrilling space toy for budding astronauts aged 7 and up. Packed with extraterrestrial fun, the play model includes 2 habitat sections and 3 alien figures. Kidswill love discovering the aliens' unique faces, which include an exciting new eye element, before using the..."
https://www.bankeebricks.ph/19961-home_default/lego-d2c-icons-10337-lamborghini-countach-5000-quattrovalvole-age-18-building-blocks-2024-1506pcs-multicolor.jpg,"LEGO® D2C Icons 10337 Lamborghini Countach 5000 Quattrovalvole, Age 18+, Building Blocks, 2024 (1506pcs)","PHP 12,999.00",9In Stock,"Delve into the realm of automotive excellence with the LEGO® Icons Lamborghini Countach 5000 Quattrovalvole (10337) vehicle building set for adults. Gift your favorite car enthusiast or embark on a captivating journey of craftsmanship as you recreate the legendary super sports car, celebrated globally for its breathtaking design and exceptional..."
https://www.bankeebricks.ph/19864-home_default/lego-jurassic-world-76962-baby-bumpy--ankylosaurus-age-7-building-blocks-2024-358pcs-multicolor.jpg,"LEGO® Jurassic World 76962 Baby Bumpy: Ankylosaurus, Age 7+, Building Blocks, 2024 (358pcs)","PHP 1,999.00",1In Stock,"Inspire fans of the Camp Cretaceous TV show with a Baby Bumpy: Ankylosaurus dinosaur toy (76962) model full of play-and-display adventure possibilities. First, young dinosaur tenders aged 7+ build this LEGO® Jurassic World set, then they dive intoplay as they start exploring the world with Bumpy. The build-a-dinosaur adventure set figure includes an..."
https://www.bankeebricks.ph/19871-home_default/lego-jurassic-world-76965-dinosaur-missions--stegosaurus-discovery-age-6-building-blocks-2024-420pcs-multicolor.jpg,"LEGO® Jurassic World 76965 Dinosaur Missions: Stegosaurus Discovery, Age 6+, Building Blocks, 2024 (420pcs)","PHP 4,799.00",3In Stock,"Creative dinosaur adventures await fans aged 6+ in this Dinosaur Missions: Stegosaurus Discovery (76965) set, a cool present full of role-play fun. After building the LEGO® Jurassic World dinosaur playset, kids get to create endless stories using the molded Stegosaurus toy figure with movable legs, a small Velociraptor toy figure and Ben and Sammy..."
https://www.bankeebricks.ph/19850-home_default/lego-d2c-icons-10333-lord-of-the-rings-age-18-building-blocks-2024-5471pcs-multicolor.jpg,"LEGO® D2C Icons 10333 Lord Of the Rings, Age 18+, Building Blocks, 2024 (5471pcs)","PHP 29,999.00",3In Stock,"Journey to Middle-earth™ with the LEGO® Icons The Lord of the Rings: Barad-dûr™ model. This impressive movie memorabilia set is bursting with features that fans will adore and depicts the ominous fortress with its soaring tower elevating the Eye of Sauron™ high above Middle-earth™. The set also comes with 10 minifigures, including Sauron™, Mouth of..."
https://www.bankeebricks.ph/19836-home_default/lego-speed-champions-76924-tbd-sc-6-2024-age-10-building-blocks-2024-806pcs-multicolor.jpg,"[AVAILABLE FOR PRE-ORDER] LEGO® Speed Champions 76924 tbd-SC-6-2024, Age 10+, Building Blocks, 2024 (806pcs)","PHP 3,999.00",15In Stock,"Boys and girls aged 10+ can now own this awesome Mercedes double pack of buildable LEGO® Speed Champions car toys featuring the AMG G 63 and AMG SL 63 (76924). This LEGO set with 2 stylish toy model cars is ideal for kids, Mercedes fans and passionate adult collectors to build, display and play out action-packed races. The Mercedes-AMG G 63 black SUV and..."
https://www.bankeebricks.ph/19807-home_default/lego-harry-potter-76435-hogwarts-castle-the-great-hall-age-10-building-blocks-2024-1732pcs-multicolor.jpg,"LEGO® Harry Potter 76435 Hogwarts Castle: The Great Hall, Age 10+, Building Blocks, 2024 (1732pcs)","PHP 14,499.00",3In Stock,"Invite your young wizard, witch or Muggle™ to join students and teachers in the Great Hall with this epic LEGO® Harry Potter™ Hogwarts™ Castle toy playset for kids (76435). A magical gift for boys, girls and any Harry Potter fan aged 10 and up, the castle build features the largest-ever LEGO brick recreation of the Great Hall, which is packed with..."
https://www.bankeebricks.ph/19814-home_default/lego-harry-potter-76439-ollivanders-madam-malkins-robes-age-8-building-blocks-2024-744pcs-multicolor.jpg,"LEGO® Harry Potter 76439 Ollivanders & Madam Malkin's Robes, Age 8+, Building Blocks, 2024 (744pcs)","PHP 7,299.00",3In Stock,"Open Ollivanders™ & Madam Malkin's Robes (76439) shops for magical playtime adventures with this LEGO® Harry Potter™ Diagon Alley™ toy building set for kids. A wizard gift toy for boys, girls and any Harry Potter fan aged 8 and up, it features highly detailed LEGO brick models of 2 iconic Diagon Alley shops, each packed with playful accessory..."
https://www.bankeebricks.ph/19821-home_default/lego-harry-potter-76440-triwizard-tournament-the-arrival-age-10-building-blocks-2024-1229pcs-multicolor.jpg,"LEGO® Harry Potter 76440 Triwizard Tournament: The Arrival, Age 10+, Building Blocks, 2024 (1229pcs)","PHP 10,999.00",8In Stock,"Recreate an iconic scene with this LEGO® Harry Potter™ Triwizard Tournament: The Arrival (76440) ship playset for kids. A magical toy gift set for boys, girls and any Harry Potter fan aged 10+, it features detailed models of the Durmstrang Ship and Beauxbatons Carriage to play out the competitors' arrivals at Hogwarts™ for the tournament. The ship has a..."
https://www.bankeebricks.ph/19741-home_default/lego-star-war-75390-luke-skywalker-x-wing-mech-age-6-building-blocks-2024-195pcs-multicolor.jpg,"LEGO® Star War 75390 Luke Skywalker X-Wing Mech, Age 6+, Building Blocks, 2024 (195pcs)","PHP 1,299.00",12In Stock,"Kids become Rebel heroes in the exciting LEGO® Star Wars™ universe when they build and play with the Luke Skywalker X-Wing Mech (75390). A cool creative gift for boys, girls and any young fan aged 6 and up, this posable, brick-built Star Wars mechtoy is made for fantasy action adventures. It has an opening cockpit for the Luke Skywalker LEGO minifigure,..."
https://www.bankeebricks.ph/19770-home_default/lego-super-heroes-76273-batman-construction-figure-and-the-bat-pod-bike-age-12-building-blocks-2024-713pcs-multicolor.jpg,"LEGO® Super Heroes 76273 Batman™ Construction Figure and the Bat-Pod Bike, Age 12+, Building Blocks, 2024 (713pcs)","PHP 5,799.00",7In Stock,"The posable LEGO® DC Batman™: Batman Construction Figure & the Bat-Pod Bike (76273) is the ultimate The Dark Knight movie action figure for fans of the iconic Super Hero aged 12 and up. Fully jointed and standing over 10 in. (26 cm) tall, this authentically detailed toy is as cool as it is collectible. The toy's movable shoulder, arm, hip and leg..."
https://www.bankeebricks.ph/19793-home_default/lego-harry-potter-76433-mandrake-age-10-building-blocks-2024-579pcs-multicolor.jpg,"LEGO® Harry Potter 76433 Mandrake, Age 10+, Building Blocks, 2024 (579pcs)","PHP 5,799.00",4In Stock,"Bring the wonder of a Hogwarts™ Herbology class into kids' lives with this LEGO® Harry Potter™ Mandrake plant toy (76433), the first-ever LEGO brick figure of the screaming plant. A magical gift and home decor idea for imaginative girls, boys and any Harry Potter fan aged 10 and up, the set features a close-to-life-size posable toy model of a Mandrake and..."
https://www.bankeebricks.ph/19763-home_default/lego-super-heroes-76272-the-batcave-with-batman-batgirl-and-the-joker-age-4-building-blocks-2024-184pcs-multicolor.jpg,"LEGO® Super Heroes 76272 The Batcave™ with Batman™, Batgirl™ and The Joker™, Age 4+, Building Blocks, 2024 (184pcs)","PHP 2,799.00",12In Stock,"If you're looking for a Batman™ gift for kids aged 4+, this LEGO® Batcave™ toy is the super-hero adventure playset for you! Packed with hands-on, creative activities, The Batcave with Batman, Batgirl™ & The Joker™ (76272) boosts preschoolers' confidence, concentration and problem-solving skills. More than just a Batcave playset, this awesome toy also..."
https://www.bankeebricks.ph/19778-home_default/lego-super-heroes-76274-batman-with-the-batmobile-vs-harley-quinn-and-mr-freeze-age-8-building-blocks-2024-435pcs-multicolor.jpg,"LEGO® Super Heroes 76274 Batman™ with the Batmobile™ vs. Harley Quinn™ and Mr. Freeze™, Age 8+, Building Blocks, 2024 (435pcs)","PHP 4,499.00",2In Stock,"This Batman™: The Animated Series™ Batmobile™ toy with super-hero action figures is filled with fun for kids aged 8+. When the day's adventures are over, a revolvable stand lets kids put Batman with the Batmobile vs. Harley Quinn™ & Mr. Freeze™ (76274) on display for all to admire. Bring Batman adventures to life with a buildable LEGO® Batmobile and..."
https://www.bankeebricks.ph/19786-home_default/lego-harry-potter-76431-hogwarts-castle-potions-class-age-8-building-blocks-2024-397pcs-multicolor.jpg,"LEGO® Harry Potter 76431 Hogwarts Castle: Potions Class, Age 8+, Building Blocks, 2024 (397pcs)","PHP 3,299.00",7In Stock,"Let your young witch, wizard or Muggle™ join the Potions Class at Hogwarts™ Castle with this collectible LEGO® Harry Potter™ wizard toy (76431) for kids aged 8 and up. It features a buildable Harry Potter classroom that opens up for easy play and is packed with authentic details – a blackboard with potion-making instructions, bottles of potion ingredient..."
https://www.bankeebricks.ph/19671-home_default/lego-city-60426-jungle-explorer-off-road-truck-age-6-building-blocks-2024-314pcs-multicolor.jpg,"LEGO® City 60426 Jungle Explorer Off-Road Truck, Age 6+, Building Blocks, 2024 (314pcs)","PHP 2,299.00",5In Stock,"Fuel your child's spirit of adventure with the LEGO® City Jungle Explorer Off-Road Truck toy building set (60426) for ages 6 and up. This cool toy truck with rugged tires and a movable camera boom will whisk your young explorer to the heart of thejungle for epic tiger-safari adventures. The set also includes a jungle cave setting, toy drone, 3 explorer..."
https://www.bankeebricks.ph/19685-home_default/lego-city-60437-jungle-explorer-helicopter-at-base-camp-age-8-building-blocks-2024-881pcs-multicolor.jpg,"LEGO® City 60437 Jungle Explorer Helicopter at Base Camp, Age 8+, Building Blocks, 2024 (881pcs)","PHP 7,999.00",4In Stock,"Treat your little explorer to the LEGO® City Jungle Explorer Helicopter at Base Camp (60437) adventure playset for ages 8 and up, featuring a realistic helicopter toy with synchronized twin rotors, 2 cargo bays and a working winch. The set also includes a motorcycle, swamp boat and jungle base camp, plus 5 adventurer minifigures and 3 gorilla toy figures,..."
https://www.bankeebricks.ph/19707-home_default/lego-ninjago-71820-ninja-team-combo-vehicle-age-9-building-blocks-2024-576pcs-multicolor.jpg,"LEGO® Ninjago 71820 Ninja Team Combo Vehicle, Age 9+, Building Blocks, 2024 (576pcs)","PHP 7,299.00",6In Stock,"Boys and girls aged 9+ can enjoy action-packed adventures from season 2 of the NINJAGO® Dragons Rising TV show with this Ninja Team Combo Vehicle 4-in-1 adventure toy (71820). Kids can play with the large NINJAGO vehicle action toy before they separate it into 4 smaller vehicles: Sora's glider with 2 stud shooters, Lloyd's off-road racer and Cole and..."
https://www.bankeebricks.ph/19714-home_default/lego-ninjago-71821-coles-titan-dragon-mech-age-12-building-blocks-2024-1055pcs-multicolor.jpg,"LEGO® Ninjago 71821 Cole's Titan Dragon Mech, Age 12+, Building Blocks, 2024 (1055pcs)","PHP 7,999.00",25In Stock,"Cole's Titan Dragon Mech (71821) adventure toy lets boys and girls aged 12+ play out action scenes from season 2 of the NINJAGO® Dragons Rising TV show. This is the biggest-ever NINJAGO titan mech and features posable arms, legs, head, body, rotation points and joints so kids can place it into battle stances, a pair of posable dragon wings and a large..."
https://www.bankeebricks.ph/19727-home_default/lego-star-war-75373-ambush-on-mandalore-battle-pack-age-6-building-blocks-2024-108pcs-multicolor.jpg,"LEGO® Star War 75373 Ambush on Mandalore Battle Pack, Age 6+, Building Blocks, 2024 (108pcs)","PHP 1,799.00",14In Stock,"Let kids play out epic jetpack battles with the LEGO® Star Wars: The Mandalorian Ambush on Mandalore Battle Pack (75373). A super anytime fantasy gift idea for creative boys, girls and fans aged 6 and up, this buildable adventure toy playset lets them relive Star Wars: The Mandalorian Season 3 action with 4 collectible LEGO minifigures: a Mandalorian Nite..."
https://www.bankeebricks.ph/19734-home_default/lego-star-war-75386-paz-vizsla-and-moff-gideon-battle-age-7-building-blocks-2024-289pcs-multicolor.jpg,"LEGO® Star War 75386 Paz Vizsla and Moff Gideon Battle, Age 7+, Building Blocks, 2024 (289pcs)","PHP 2,999.00",23In Stock,"Build the drama of an epic Star Wars: The Mandalorian Season 3 scene with the LEGO® Star Wars™ Paz Vizsla and Moff Gideon Battle set (75386) for boys, girls and any fan aged 7+. A cool fantasy gift for kids, this LEGO brick-built toy playset features a Mandalorian base with an armored door with a slam-shut trigger, control panels and a rotating,..."
https://www.bankeebricks.ph/19616-home_default/lego-city-60407-red-double-decker-sightseeing-bus-age-7-building-blocks-2024-384pcs-multicolor.jpg,"LEGO® City 60407 Red Double-Decker Sightseeing Bus, Age 7+, Building Blocks, 2024 (384pcs)","PHP 2,299.00",12In Stock,"Treat kids to fun city tour adventures with this LEGO® City Red Double-Decker Sightseeing Bus toy (60407) for ages 7 and up. Kids can rotate the destination display, pick up waiting passengers and seat them on the lower deck or open-air sightseeing deck. This iconic model is great for display and includes 5 minifigures, including a baby with a stroller,..."
https://www.bankeebricks.ph/19629-home_default/lego-city-60409-yellow-mobile-construction-crane-age-9-building-blocks-2024-1116pcs-multicolor.jpg,"LEGO® City 60409 Yellow Mobile Construction Crane, Age 9+, Building Blocks, 2024 (1116pcs)","PHP 8,999.00",9In Stock,"Kindle kids' fascination for cool construction vehicles with this LEGO® City Yellow Mobile Construction Crane toy (60409) for ages 9 and up. This impressive model comes with lots of realistic functions. Kids can fold out the support legs, pivot the cab, extend and rotate the boom through 360° and operate the hoist. Just add the 4 worker minifigures for..."
https://www.bankeebricks.ph/19657-home_default/lego-city-60424-jungle-explorer-atv-red-panda-mission-age-6-building-blocks-2024-92pcs-multicolor.jpg,"LEGO® City 60424 Jungle Explorer ATV Red Panda Mission, Age 6+, Building Blocks, 2024 (92pcs)",PHP 749.00,9In Stock,"Treat your budding wildlife enthusiast to the LEGO® City Jungle Explorer ATV Red Panda Mission (60424) vehicle toy for ages 6 and up. Kids get to join an intrepid explorer for exciting jungle adventures aboard a rugged ATV. This set also includes a jungle scene, an explorer minifigure and a red panda figure for imaginative play and storytelling. This LEGO..."
https://www.bankeebricks.ph/19664-home_default/lego-city-60425-jungle-explorer-water-plane-age-6-building-blocks-2024-177pcs-multicolor.jpg,"LEGO® City 60425 Jungle Explorer Water Plane, Age 6+, Building Blocks, 2024 (177pcs)","PHP 1,799.00",2In Stock,"Surprise your little adventurer with this LEGO® City Jungle Explorer Water Plane (60425) playset for ages 6 and up, featuring a toy seaplane and a jungle cave setting. There are also 2 explorer minifigures, a frog figure and 3 crocodile action figures, including a baby croc, for imaginative play and storytelling. This LEGO explorer toy includes a..."
https://www.bankeebricks.ph/19601-home_default/lego-disney-princess-43254-ariels-crystal-cavern-age-4-building-blocks-2024-141pcs-multicolor.jpg,"LEGO® Disney Princess 43254 Ariel's Crystal Cavern, Age 4+, Building Blocks, 2024 (141pcs)","PHP 2,499.00",12In Stock,"Exploration and play awaits kids aged 4+ as they learn to build with this LEGO® ? Disney Princess Ariel's Crystal Cavern (43254) building toy. This buildable mermaid playset gift helps boost kids' problem-solving skills with creative play. Inside is a cavern with a spinning platform and slide, a whale vehicle, a shipwreck with a treasure chest and a..."
https://www.bankeebricks.ph/19609-home_default/lego-disney-princess-43276-snow-whites-jewelry-box-age-6-building-blocks-2024-358pcs-multicolor.jpg,"LEGO® Disney Princess 43276 Snow White's Jewelry Box, Age 6+, Building Blocks, 2024 (358pcs)","PHP 3,499.00",10In Stock,"Delight kids and Disney fans aged 6+ with the premium gift of this LEGO® ? Disney Snow White's Jewelry Box (43276) buildable toy playset. It features a box with an opening lid and handles on each side that pull open to reveal hidden rooms, a swordand chain lock, Snow White and the Evil Queen LEGO ? Disney mini-doll figures and a colorful bracelet with..."
https://www.bankeebricks.ph/19623-home_default/lego-city-60408-car-transporter-truck-with-sports-cars-age-7-building-blocks-2024-998pcs-multicolor.jpg,"[AVAILABLE FOR PRE-ORDER] LEGO® City 60408 Car Transporter Truck with Sports Cars, Age 7+, Building Blocks, 2024 (998pcs)","PHP 7,999.00",5In Stock,"Treat a toy car enthusiast to this multi-vehicle LEGO® City Car Transporter Truck with Sports Cars (60408) building set for ages 7 and up. Kids can tilt the driver's cab to access the engine, hitch the trailer and lower its upper deck and lower deck ramps for boarding the included '50s-style tail dragger, '70s-style muscle car and modern electric..."
https://www.bankeebricks.ph/19643-home_default/lego-city-60421-robot-world-roller-coaster-park-age-8-building-blocks-2024-986pcs-multicolor.jpg,"LEGO® City 60421 Robot World Roller-Coaster Park, Age 8+, Building Blocks, 2024 (986pcs)","PHP 7,999.00",6In Stock,Kids who love gaming and amusement park toys will adore this fully functional roller-coaster set. The LEGO® City Robot World Roller-Coaster Park (60421) adventure toy is packed with details to inspire hours of imaginative play. Kids can send the 3-car train whizzing through a futuristic video-gaming venue that houses an arcade with toy video game...
https://www.bankeebricks.ph/19650-home_default/lego-city-60422-seaside-harbor-with-cargo-ship-age-8-building-blocks-2024-1220pcs-multicolor.jpg,"[AVAILABLE FOR PRE-ORDER] LEGO® City 60422 Seaside Harbor with Cargo Ship, Age 8+, Building Blocks, 2024 (1220pcs)","PHP 8,999.00",4In Stock,"Bring a cozy quayside vibe to kids' play with this LEGO® City Seaside Harbor with Cargo Ship toy building set (60422) for ages 8 and up. Kids can use the toy crane to lift containers from the LEGO ship and enjoy the harbor's tourist area complete with a store, seafood restaurant and beach. The set also includes a smaller toy boat and a water scooter, plus..."
https://www.bankeebricks.ph/19548-home_default/lego-friends-42636-heartlake-city-preschool-age-4-building-blocks-2024-239pcs-multicolor.jpg,"LEGO® Friends 42636 Heartlake City Preschool, Age 4+, Building Blocks, 2024 (239pcs)","PHP 3,999.00",6In Stock,"Discover a classroom playset filled with story inspiration for girls and boys aged 4 years old and up. The LEGO® Friends Heartlake City Preschool playset (42636) is packed with creative pretend-play accessories for kids to act out a day at kindergarten with the 2 mini-dolls, 4 micro-dolls and bunny figure. This social-learning toy is packed with details..."
https://www.bankeebricks.ph/19555-home_default/lego-friends-42638-castle-bed-and-breakfast-age-12-building-blocks-2024-1311pcs-multicolor.jpg,"LEGO® Friends 42638 Castle Bed and Breakfast, Age 12+, Building Blocks, 2024 (1311pcs)","PHP 7,999.00",9In Stock,"Inspire kids and teens aged 12 years old and up to build their own French-style château with this Castle Bed and Breakfast (42638) toy hotel playset. The detailed 3-story model comes with 4 LEGO® Friends mini-dolls, a dog figure and lots of accessories so kids can set the stage for endless guest adventures. The set tells the story of Renée, who has..."
https://www.bankeebricks.ph/19533-home_default/lego-friends-42631-adventure-camp-tree-house-age-8-building-blocks-2024-1128pcs-multicolor.jpg,"LEGO® Friends 42631 Adventure Camp Tree House, Age 8+, Building Blocks, 2024 (1128pcs)","PHP 9,999.00",6In Stock,"The LEGO® Friends Adventure Camp Tree House (42631) camping playset toy is packed with stories for girls and boys aged 8+. Kids can tell the story of friends Leo, Aliya, Jamila and Olly as they try exciting new activities under the guidance of camp counselor Jonathan. The building set is filled with fun features for creative play and comes with 5..."
https://www.bankeebricks.ph/19562-home_default/lego-disney-princess-43235-ariels-music-stage-age-4-building-blocks-2024-60pcs-multicolor.jpg,"LEGO® Disney Princess 43235 Ariel's Music Stage, Age 4+, Building Blocks, 2024 (60pcs)","PHP 1,299.00",4In Stock,Performance and creative play await kids aged 4+ as they learn to build with this LEGO® ? Disney Princess Ariel's Music Stage (43235) construction toy. This Disney Princess buildable playset gift is designed to improve problem-solving skills and inspire youngsters to enjoy endless creative play.This kids' building toy includes a LEGO ? Disney Ariel...
https://www.bankeebricks.ph/19568-home_default/lego-disney-princess-43240-maleficent-s-dragon-form-age-7-building-blocks-2024-583pcs-multicolor.jpg,"LEGO® Disney Princess 43240 Maleficent’s Dragon Form, Age 7+, Building Blocks, 2024 (583pcs)","PHP 5,999.00",7In Stock,"Epic stories await kids and Disney's Sleeping Beauty fans aged 7+ as they create this LEGO® ? Disney Princess Maleficent's Dragon Form (43240) buildable playset. The construction set is a fun Disney gift idea and has a bridge section with towers and space for a bed, a turning spinning wheel and other play starters. There are Aurora and Prince Philip LEGO..."
https://www.bankeebricks.ph/19582-home_default/lego-disney-princess-43244-elsas-ice-palace-age-6-building-blocks-2024-630pcs-multicolor.jpg,"LEGO® Disney Princess 43244 Elsa's Ice Palace, Age 6+, Building Blocks, 2024 (630pcs)","PHP 7,999.00",4In Stock,"Frozen fans and kids aged 6+ can dive into endless play with this detailed LEGO® ? Disney Frozen Elsa's Ice Palace (43244) buildable toy gift. Inside the box you'll find a 3-level ice castle with a movable floor that opens the magical doors, a falling chandelier, 2 bedrooms, Elsa's study with a desk where she can research ice crystals, a balcony, a..."
https://www.bankeebricks.ph/19587-home_default/lego-disney-classic-43245-the-magical-madrigal-house-age-7-building-blocks-2024-1560pcs-multicolor.jpg,"LEGO® Disney Classic 43245 The Magical Madrigal House, Age 7+, Building Blocks, 2024 (1560pcs)","PHP 12,999.00",14In Stock,"Limitless Encanto-inspired adventures await fans and kids aged 7+ in The Magical Madrigal House (43245) buildable toy. Filled with movie details, this LEGO® ? Disney gift idea construction playset features the Madrigal family house with 9 sectionsfor families to build together. Functions include moving shingles, waving shutters, a bed-swing and a small..."
https://www.bankeebricks.ph/19593-home_default/lego-disney-classic-43251-antonios-animal-sanctuary-age-6-building-blocks-2024-310pcs-multicolor.jpg,"LEGO® Disney Classic 43251 Antonio's Animal Sanctuary, Age 6+, Building Blocks, 2024 (310pcs)","PHP 3,299.00",4In Stock,"Discover the magic that awaits Disney's Encanto fans aged 6+ when they open this Antonio's Animal Sanctuary (43251) buildable toy gift. From the sanctuary building to the 3-level tree, this detailed LEGO® ? Disney building set for kids encourages creativity and imagination. In addition to an Antonio LEGO ? Disney micro-doll figure and Mirabel LEGO ?..."
https://www.bankeebricks.ph/19462-home_default/lego-ideas-21349-tuxedo-cat-age-18-building-blocks-2024-1710pcs-multicolor.jpg,"LEGO® Ideas 21349 Tuxedo Cat, Age 18+, Building Blocks, 2024 (1710pcs)","PHP 7,999.00",7In Stock,"Spend quality time creating feline home decor with this LEGO® Ideas Tuxedo Cat building set for adults (21349). The purr-fect treat for yourself or a cat gift idea for a friend who loves animals, nature or design, this lifelike (and allergy-friendly!) black-and-white cat model comes with a choice of yellow or blue eyes. Build and easily rebuild the cat..."
https://www.bankeebricks.ph/19469-home_default/lego-creator-3-in-1-31151-t-rex-age-9-building-blocks-2024-626pcs-multicolor.jpg,"LEGO® Creator 3 In 1 31151 T. rex, Age 9+, Building Blocks, 2024 (626pcs)","PHP 4,799.00",5In Stock,"Boys and girls aged 9+ can travel back in time to play out amazing action with this T. rex (31151) dinosaur toy. The Tyrannosaurus rex toy is highly posable, so kids can move its head, feet, tail, jaw, legs, arms, and even toes and heels, into different poses. The T. rex toy also comes with a nest containing 2 small dinosaur egg elements and together they..."
https://www.bankeebricks.ph/19476-home_default/lego-creator-3-in-1-31153-modern-house-age-9-building-blocks-2024-939pcs-multicolor.jpg,"LEGO® Creator 3 In 1 31153 Modern House, Age 9+, Building Blocks, 2024 (939pcs)","PHP 7,999.00",3In Stock,"Boys and girls aged 9+ can explore 3 different LEGO® toy houses with this fun-filled Modern House (31153) playset. The luxurious 2-story beach house sits in the shade of 2 palm trees and has a kitchen, living room, reading room, bedroom, shower room, balcony and modern furnishings including an armchair and chandelier. There is also a swimming pool for..."
https://www.bankeebricks.ph/19490-home_default/lego-friends-42622-adventure-camp-archery-range-age-6-building-blocks-2024-157pcs-multicolor.jpg,"LEGO® Friends 42622 Adventure Camp Archery Range, Age 6+, Building Blocks, 2024 (157pcs)","PHP 1,299.00",5In Stock,"The LEGO® Friends Adventure Camp Archery Range (42622) building toy for kids aged 6+ comes with Autumn and Nova mini-dolls, a raccoon and lots of sports playset accessories. Girls and boys can act out target practice for real with this exciting set as the bow actually shoots the arrows. See the target flip down when the arrow hits it! There's a..."
https://www.bankeebricks.ph/19497-home_default/lego-friends-42623-beach-water-scooter-age-5-building-blocks-2024-84pcs-multicolor.jpg,"LEGO® Friends 42623 Beach Water Scooter, Age 5+, Building Blocks, 2024 (84pcs)",PHP 749.00,11In Stock,"Let kids create fun ocean adventures with this LEGO® Friends Beach Water Scooter (42623) lifeguard toy for kids aged 5+. The set includes 2 mini-dolls, a dolphin figure and accessories to inspire imaginative play. This lifeguard LEGO set comes with 2 water scooter toy accessories so kids can role-play the story. Leo is on lifeguard duty and uses the..."
https://www.bankeebricks.ph/19505-home_default/lego-friends-42624-adventure-camp-cozy-cabins-age-7-building-blocks-2024-437pcs-multicolor.jpg,"LEGO® Friends 42624 Adventure Camp Cozy Cabins, Age 7+, Building Blocks, 2024 (437pcs)","PHP 3,499.00",11In Stock,"The LEGO® Friends Adventure Camp Cozy Cabins (42624) playset for kids aged 7+ comes with 3 mini-dolls, a fox and lots of camping toy accessories so girls and boys can enjoy fun adventures. This LEGO toy building set for kids makes imaginative pretend play so much fun. Young builders tell the story of Paisley, Zac and Sky as the friends enjoy a cozy..."
https://www.bankeebricks.ph/19512-home_default/lego-friends-42625-beach-smoothie-stand-age-6-building-blocks-2024-213pcs-multicolor.jpg,"LEGO® Friends 42625 Beach Smoothie Stand, Age 6+, Building Blocks, 2024 (213pcs)","PHP 1,499.00",7In Stock,"Inspire kids to get creative with this LEGO® Friends Beach Smoothie Stand (42625) play food set toy for girls and boys aged 6 and up. The set comes with a buildable smoothie stand and a buildable beach buggy, plus LEGO Friends Nova and Niko mini-dolls. Kids can create lots of different smoothie flavors by combining ingredients and then mixing them in the..."
https://www.bankeebricks.ph/19519-home_default/lego-friends-42626-adventure-camp-water-sports-age-7-building-blocks-2024-628pcs-multicolor.jpg,"LEGO® Friends 42626 Adventure Camp Water Sports, Age 7+, Building Blocks, 2024 (628pcs)","PHP 5,799.00",5In Stock,"This building toy set makes a great birthday gift idea for kids aged 7+ who love role play and outdoor adventures. Girls and boys can create their own friendship stories as they explore the LEGO® Friends Adventure Camp Water Sports (42626) toy andtry out all the different activities: from kayaking, fishing and raft building to painting and skipping..."
https://www.bankeebricks.ph/19395-home_default/lego-gabbys-dollhouse-10795-crafting-with-baby-box-age-4-building-blocks-2024-60pcs-multicolor.jpg,"LEGO® Gabby's Dollhouse 10795 Crafting with Baby Box, Age 4+, Building Blocks, 2024 (60pcs)","PHP 1,299.00",5In Stock,"LEGO® 4+ Gabby's Dollhouse Crafting with Baby Box (10795) is a pretend-play toy for kids aged 4 and up designed to develop creative skills and inspire imaginative play. This dollhouse playset for children is bursting with bright colors, familiar characters and fun features that fans of DreamWorks Animation's Gabby's Dollhouse will know and love. This LEGO..."
https://www.bankeebricks.ph/19401-home_default/lego-gabbys-dollhouse-10796-gabbys-kitty-care-ear-age-4-building-blocks-2024-165pcs-multicolor.jpg,"LEGO® Gabby's Dollhouse 10796 Gabby's Kitty Care Ear, Age 4+, Building Blocks, 2024 (165pcs)","PHP 3,299.00",12In Stock,"Gabby's Kitty Care Ear (10796) is a pet pretend-play and developmental toy for 4+ year old fans of DreamWorks Animation's Gabby's Dollhouse. This preschool toy for girls and boys is a great way to build confidence, improve concentration and develop problem-solving skills while having lots of role-play fun! If you're looking for a gift for a preschooler..."
https://www.bankeebricks.ph/19407-home_default/lego-gabbys-dollhouse-10797-gabbys-party-room-age-4-building-blocks-2024-252pcs-multicolor.jpg,"LEGO® Gabby's Dollhouse 10797 Gabby's Party Room, Age 4+, Building Blocks, 2024 (252pcs)","PHP 3,999.00",11In Stock,"Gabby's Party Room (10797) is the ultimate disco playset for fans of DreamWorks Animation's Gabby's Dollhouse. This kids' entertainment toy develops confidence, concentration and problem-solving skills in preschoolers aged 4+. This toy for girls and boys is a disco party playset and lots more! With Gabby, Daniel James 'DJ' Catnip, Kitty Fairy and MerCat..."
https://www.bankeebricks.ph/19434-home_default/lego-minecraft-21261-the-wolf-stronghold-age-8-building-blocks-2024-312pcs-multicolor.jpg,"LEGO® Minecraft 21261 The Wolf Stronghold, Age 8+, Building Blocks, 2024 (312pcs)","PHP 2,999.00",4In Stock,"Kids with a passion for action and adventure playsets, fortress toys and Minecraft® characters can enjoy all this and more in LEGO® Minecraft The Wolf Stronghold (21261). This Minecraft wolf gift for kids aged 8 and up is a hands-on video game toyand a creative building, hero-explorer and battle action playset. Kids build the Wolf Tamer a base featuring a..."
https://www.bankeebricks.ph/19448-home_default/lego-minecraft-21263-the-badlands-mineshaft-age-8-building-blocks-2024-538pcs-multicolor.jpg,"LEGO® Minecraft 21263 The Badlands Mineshaft, Age 8+, Building Blocks, 2024 (538pcs)","PHP 4,499.00",6In Stock,The Badlands Mineshaft (21263) toy is a hands-on video-game mining set for Minecraft® players. This versatile building toy for kids features popular Minecraft mob characters and makes a great gift for boys and girls aged 8 and up who enjoy Minecraft explorer toys as well as kids' adventure toys and building-brick toys. Kids join the Badlands Explorer in...
https://www.bankeebricks.ph/19441-home_default/lego-minecraft-21262-the-windmill-farm-age-8-building-blocks-2024-462pcs-multicolor.jpg,"LEGO® Minecraft 21262 The Windmill Farm, Age 8+, Building Blocks, 2024 (462pcs)","PHP 4,299.00",12In Stock,"Fans of video-game toys, Minecraft® zombie action and farm animal toys will find all this and more in The Windmill Farm (21262). If you're looking for the best Minecraft toy for kids aged 8+, this farm-themed Minecraft gift is packed with LEGO® Minecraft models and Minecraft characters. This building toy for kids features a functional LEGO windmill,..."
https://www.bankeebricks.ph/19455-home_default/lego-minecraft-21264-the-ender-dragon-and-end-ship-age-9-building-blocks-2024-657pcs-multicolor.jpg,"LEGO® Minecraft 21264 The Ender Dragon and End Ship, Age 9+, Building Blocks, 2024 (657pcs)","PHP 5,999.00",8In Stock,"The Ender Dragon and End Ship (21264) playset is a video-game building toy for kids that is packed with popular Minecraft® characters, dragon action and adventures aboard a ship. It's an ideal Minecraft dragon gift for kids aged 8 and up who enjoybuilding-brick explorer toys. Players enter the perilous End biome, where they must battle the Ender Dragon...."
https://www.bankeebricks.ph/19339-home_default/lego-d2c-icons-10334-retro-radio-age-18-building-blocks-2024-906pcs-multicolor.jpg,"LEGO® D2C Icons 10334 Retro Radio, Age 18+, Building Blocks, 2024 (906pcs)","PHP 7,499.00",2In Stock,"Enjoy an immersive building project with this LEGO® Icons Retro Radio (10334) set. Craft an ornamental replica of a 1970s vintage radio with a foldup handle and antenna, classic power and tuning dials and a sliding frequency switch. Rotate the dials to emit tuning signals and music snippets. Mount a smartphone in the rear compartment to relish your..."
https://www.bankeebricks.ph/19352-home_default/product3.jpg,"LEGO® DUPLO 10420 Ariel and Flounder's Café Stand, Age 2+, Building Blocks, 2024 (22pcs)","PHP 1,499.00",11In Stock,Give Little Mermaid fans a fun adventure under the sea as they hang out at the LEGO® DUPLO® ? Disney Ariel and Flounder's Café Stand (10420) building toy. Preschool kids aged 2 and up join characters they know and love from the Disney Junior TV show Ariel. This LEGO DUPLO building toy comes with a set of table and chairs and fruit elements. The buildable...
https://www.bankeebricks.ph/19371-home_default/lego-duplo-10432-peppa-pig-boat-trip-age-2-building-blocks-2024-23pcs-multicolor.jpg,"LEGO® DUPLO 10432 Peppa Pig Boat Trip, Age 2+, Building Blocks, 2024 (23pcs)","PHP 2,499.00",8In Stock,All aboard the LEGO® DUPLO® Peppa Pig Boat Trip Toy (10432) for hours of joyful preschool learning. Girls and boys aged 2+ join the Grandpa Pig and Peppa Pig figures as they head to the beach with his boat. This build-and-rebuild toy is packed with creative accessories to give toddlers storytelling inspiration. They help Peppa apply sunscreen before...